{
    "IsEncrypted": false,
    "Values": {
      "COSMOS_DB_CONNECTION_STRING": "AccountEndpoint=https://chatbot-cosmosdb-12345.documents.azure.com:443/;AccountKey=sIYO14RLLKPL4xF4ACeofhd1M7jjblJmMBkf86zo8KHtilt29YV6NMPXU6FvJPqDm1lzWuzuxwnXACDbn7KxoQ==",
      "OPENAI_API_KEY": "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",
      "AzureWebJobsStorage": "UseDevelopmentStorage=true"
    }
  }
  